Type,Activity,Area,Sex,Fatal,Species,AgeCat
Unprovoked,Surfing,Florida,M,0,Unknown,18.0
Unprovoked,Swimming,North Carolina,M,0,Unknown,8.0
Unprovoked,Swimming,Georgia,M,0,bull,64.0
Unprovoked,Surfing,North Carolina,M,0,bull,19.0
Unprovoked,Swimming,Hawaii,M,1,bull,65.0
Unprovoked,Body Boarding,New Jersey,M,0,Unknown,67.0
Unprovoked,Surfing,Hawaii,M,0,Unknown,67.0
Unprovoked,Surfing,California,F,0,white,28.0
Unprovoked,Fishing,Florida,M,0,white,28.0
Unprovoked,Kayaking,Hawaii,F,0,tiger,65.0
Unprovoked,Kayaking,Florida,M,0,tiger,25.0
Unknown,Boogie boarding,Florida,F,0,tiger,10.0
Unprovoked,Swimming,Hawaii,M,0,Unknown,23.0
Unknown,Picking opihi,Hawaii,M,0,tiger,58.0
Boat incident,Paddling an outrigger canoe,Hawaii,M,0,Unknown,74.0
Unprovoked,Surfing,Florida,M,0,Unknown,46.0
Unprovoked,Swimming,Hawaii,M,0,Unknown,58.0
Unprovoked,Boogie boarding,Florida,M,0,spinner,11.0
Unprovoked,Surfing,Oregon,M,0,spinner,11.0
Unprovoked,Surfing,Hawaii,M,0,tiger,11.0
Unprovoked,Spearfishing,Florida,M,0,bull,50.0
Unprovoked,Surfing,Florida,M,0,bull,48.0
Unprovoked,Surfing,Florida,M,0,bull,29.0
Unprovoked,Surfing,Florida,F,0,Unknown,29.0
Unprovoked,Diving / Filming,California,M,0,white,29.0
Unprovoked,Surfing,Florida,F,0,spinner,29.0
Unprovoked,Diving,California,M,0,white,13.0
Boat incident,Fishing,California,M,0,white,55.0
Unknown,Fishing,Florida,F,0,white,55.0
Unprovoked,Boogie boarding,Massachusetts,M,1,white,26.0
Unprovoked,Surfing,Florida,M,0,white,39.0
Unprovoked,Surfing,Florida,M,0,white,
Unprovoked,Swimming,California,M,0,Unknown,14.0
Unprovoked,Surfing,North Carolina,M,0,Unknown,14.0
Unprovoked,Swimming,Massachusetts,M,0,white,61.0
Unknown,Swimming,Maryland,M,0,white,61.0
Unprovoked,Spearfishing,Texas,M,0,bull,42.0
Unprovoked,Swimming/Standing,North Carolina,F,0,bull,
Unprovoked,Standing,North Carolina,M,0,Unknown,16.0
Unprovoked,Surfing,Florida,M,0,Unknown,14.0
Unprovoked,Wading,New York,F,0,tiger,12.0
Unprovoked,Boogie Boarding,New York,M,0,tiger,13.0
Unknown,Surfing,Texas,F,0,tiger,13.0
Provoked,Wading,California,F,0,Unknown,58.0
Unknown,Surfing,Florida,F,0,Unknown,14.0
Unprovoked,Wading,Florida,M,0,Unknown,17.0
Unprovoked,Surfing,Florida,M,0,Unknown,30.0
Unprovoked,Surfing,Florida,M,0,Unknown,14.0
Unprovoked,Boogie boarding,South Carolina,F,0,Unknown,11.0
Boat incident,Paddling,California,F,0,white,57.0
Unprovoked,Standing,Georgia,F,0,white,11.0
Provoked,Fishing,Florida,M,0,Unknown,52.0
Unprovoked,Standing,Florida,M,0,Unknown,12.0
Unprovoked,Walking,Florida,M,0,bull,15.0
Unprovoked,Boogie boarding,South Carolina,M,0,bull,10.0
Unprovoked,Swimming,South Carolina,M,0,bull,10.0
Provoked,Fishing,Texas,M,0,tiger,10.0
Unprovoked,Stand-Up Paddleboarding,Hawaii,M,0,tiger,25.0
Unprovoked,Spearfishing,California,M,0,white,25.0
Unprovoked,Surfing,Florida,F,0,white,14.0
Unprovoked,Stand-Up Paddleboarding,Hawaii,M,0,white,14.0
Unprovoked,Swimming,Florida,F,0,white,60.0
Unprovoked,Surfing ,Florida,M,0,white,17.0
Unprovoked,Swimming,Florida,M,0,spinner,17.0
Unprovoked,Surfing,Hawaii,M,0,tiger,54.0
Unprovoked,Snorkeling,Hawaii,F,0,Unknown,40.0
Unprovoked,Surfing,Florida,M,0,Unknown,40.0
Unknown,Surfing,New York,M,0,Unknown,33.0
Unprovoked,Surfing,Florida,M,0,Unknown,33.0
Unprovoked,Surfing,Florida,M,0,Unknown,33.0
Unprovoked,Surfing,Florida,M,0,Unknown,28.0
Unprovoked,Surfing,Florida,M,0,Unknown,18.0
Unprovoked,Surfing,Florida,M,0,Unknown,17.0
Unprovoked,Swimming,Texas,F,0,Unknown,17.0
Unprovoked,Swimming,Florida,M,0,nurse,17.0
Unprovoked,SUP,Massachusetts,M,0,white,69.0
Unprovoked,Swimming,South Carolina,M,0,Unknown,13.0
Provoked,Fishing,Massachusetts,M,0,Unknown,34.0
Boat incident,Fishing,California,M,0,white,34.0
Unprovoked,Skimboarding,Florida,M,0,white,15.0
Unprovoked,Skimboarding,South Carolina,F,0,white,12.0
Unknown,Swimming,South Carolina,M,0,Unknown,10.0
Unprovoked,Swimming,New Jersey,F,0,tiger,10.0
Unprovoked,Swimming,Florida,F,0,Unknown,40.0
Boat incident,Kayaking,California,M,0,white,40.0
Unprovoked,SUP,California,M,0,white,50.0
Unknown,Swimming,South Carolina,F,0,Unknown,8.0
Unprovoked,Surfing,Washington,M,0,white,8.0
Boat incident,Kayaking,California,M,0,white,8.0
Unprovoked,Swimming,Florida,M,0,bull,46.0
Unknown,Fishing,South Carolina,M,0,Unknown,46.0
Unprovoked,Swimming,South Carolina,F,0,Unknown,16.0
Unprovoked,Surfing,Florida,M,0,Unknown,16.0
Unprovoked,Swimming,South Carolina,F,0,bull,14.0
Unprovoked,Surfing,Florida,M,0,bull,19.0
Unprovoked,Spearfishing,Florida,M,0,Unknown,19.0
Provoked,Touching a shark,South Carolina,F,0,Unknown,20.0
Unprovoked,Feeding sharks,Florida,M,0,tiger,20.0
Unknown,Surfing,California,F,0,Unknown,18.0
Unprovoked,Swimming,California,F,0,Unknown,18.0
Unprovoked,Surfing,South Carolina,F,0,Unknown,33.0
Unknown,Photo shoot,Florida,F,0,Unknown,33.0
Unknown,Swimming,South Carolina,M,0,Unknown,33.0
Unprovoked,Swimming,Florida,M,0,Unknown,33.0
Unprovoked,Surfing,Hawaii,M,0,tiger,28.0
Unprovoked,Surfing,Florida,M,0,tiger,17.0
Unprovoked,Surfing,Florida,F,0,tiger,17.0
Unprovoked,Surfing,Florida,F,0,tiger,35.0
Unprovoked,Swimming,Florida,F,0,tiger,21.0
Unprovoked,Paddle boarding,Florida,F,0,tiger,10.0
Unprovoked,Swimming,Florida,M,0,tiger,16.0
Unprovoked,Swimming,Florida,F,0,tiger,51.0
Unprovoked,Swimming,Florida,F,0,bull,17.0
Unprovoked,Surfing,Florida,M,0,bull,58.0
Boat incident,Kayaking,California,M,0,white,58.0
Unprovoked,Swimming,Florida,M,0,white,22.0
Boat incident,Fishing,South Carolina,M,0,white,22.0
Unprovoked,Fishing,Florida,M,0,white,
Unprovoked,Fishing,Florida,M,0,white,
Unprovoked,Surfing,Florida,M,0,white,16.0
Unknown,Surfing,Florida,M,0,Unknown,19.0
Unprovoked,Floating,Hawaii,F,0,tiger,58.0
Unprovoked,Surfing,Florida,M,0,tiger,41.0
Unprovoked,Surfing,Florida,M,0,tiger,42.0
Unprovoked,Surfing,Hawaii,M,0,Unknown,36.0
Unprovoked,Snorkeling,Hawaii,F,0,Unknown,66.0
Unprovoked,Surfing,Oregon,M,0,Unknown,29.0
Unprovoked,Surfing,Florida,M,0,Unknown,21.0
Unprovoked,Surfng,Florida,M,0,Unknown,32.0
Unprovoked,Surfing,Florida,M,0,Unknown,43.0
Unprovoked,Surfing,Florida,M,0,Unknown,36.0
Unprovoked,Surfing,Florida,M,0,Unknown,16.0
Unprovoked,Surfing,California,M,0,Unknown,43.0
Unprovoked,Wading,Florida,M,0,Unknown,
Unprovoked,Swimming,Hawaii,F,0,tiger,51.0
Unprovoked,Boogie boarding,South Carolina,F,0,tiger,12.0
Unprovoked,Body boarding,Florida,M,0,tiger,9.0
Unprovoked,Spearfishing,California,M,0,white,22.0
Unprovoked,Surfing,Florida,M,0,white,37.0
Unprovoked,Surfing,Florida,M,0,bull,25.0
Unprovoked,Wading,Florida,M,0,bull,49.0
Unprovoked,SUP Foil boarding,Hawaii,M,0,tiger,21.0
Unprovoked,Surfing,Florida,M,0,Unknown,22.0
Provoked,Lobstering,Florida,M,0,nurse,43.0
Boat incident,Fishing,Alabama,M,0,tiger,43.0
Unprovoked,Fishing,Florida,F,0,tiger,11.0
Unprovoked,Surfing,Florida,F,0,tiger,9.0
Unprovoked,Kite surfing,California,M,0,white,61.0
Unprovoked,Swimming,South Carolina,M,0,white,61.0
Boat incident,Fishing ,California,M,0,white,61.0
Provoked,Fishing,Massachusetts,M,0,Unknown,59.0
Boat incident,Fishing ,California,M,0,white,59.0
Unprovoked,Swimming,Florida,F,0,white,42.0
Unprovoked,Swimming,South Carolina,M,0,Unknown,35.0
Unprovoked,Surfing,North Carolina,M,0,Unknown,11.0
Unprovoked,Floating,South Carolina,M,0,Unknown,42.0
Unprovoked,Wading,Florida,M,0,Unknown,42.0
Unprovoked,Surfing,Hawaii,M,0,Unknown,42.0
Unprovoked,Floating in tube,Texas,F,0,Unknown,6.0
Unprovoked,Standing,North Carolina,M,0,Unknown,19.0
Unknown,Surfing,South Carolina,M,0,Unknown,27.0
Unprovoked,Swimming,Florida,M,0,Unknown,64.0
Unprovoked,Swimming,California,F,0,Unknown,52.0
Unprovoked,Swimming,Florida,M,0,Unknown,13.0
Unprovoked,Swimming,Florida,F,0,Unknown,57.0
Unprovoked,Swimming,Florida,F,0,Unknown,11.0
Unprovoked,Swimming,Florida,F,0,bull,22.0
Unprovoked,Swimming,Florida,M,0,Unknown,48.0
Provoked,Teasing a shark,Florida,F,0,nurse,23.0
Unprovoked,Floating,Hawaii,M,0,nurse,59.0
Unprovoked,Wading,Louisiana,F,0,Unknown,33.0
Unprovoked,Surfing,Florida,M,0,Unknown,15.0
Unprovoked,Spearfishing,Florida,M,0,bull,26.0
Unknown,SUP,Florida,M,0,bull,26.0
Unprovoked,Fishing,Florida,M,0,Unknown,34.0
Unprovoked,Snorkeling,Hawaii,F,0,Unknown,46.0
Unprovoked,Snorkeling,Florida,M,0,Unknown,
Unknown,Surfing,California,M,0,Unknown,
Unprovoked,Body surfing,Florida,M,0,Unknown,19.0
Unprovoked,Body surfing,Florida,M,0,Unknown,12.0
Unprovoked,Surfing,Hawaii,M,0,Unknown,12.0
Unprovoked,Surfing,Hawaii,F,0,Unknown,15.0
Unprovoked,Spearfishing,Texas,M,0,bull,15.0
Unprovoked,Paddle boarding,Hawaii,M,0,tiger,48.0
Unprovoked,Paddle boarding,Hawaii,M,0,Unknown,71.0
Unprovoked,Surfing,Florida,M,0,Unknown,71.0
Unprovoked,Surfing,Florida,M,0,spinner,28.0
Unprovoked,Swimming,Florida,F,0,spinner,28.0
Unknown,Surfing,Florida,F,0,Unknown,9.0
Unprovoked,Swimming,Hawaii,M,0,Unknown,54.0
Unprovoked,Wading,Florida,F,0,Unknown,28.0
Unprovoked,Surfing,Florida,M,0,Unknown,21.0
Unprovoked,Surfing,Florida,M,0,spinner,21.0
Unprovoked,Swimming,Hawaii,M,0,tiger,44.0
Unknown,Surfing,Hawaii,M,0,Unknown,32.0
Boat incident,Fishing,California,M,0,hammerhead,32.0
Unprovoked,Boogie boarding,South Carolina,F,0,hammerhead,9.0
Unprovoked,Wading,Texas,M,0,Unknown,13.0
Unprovoked,Body boarding,Florida,M,0,Unknown,22.0
Unprovoked,Surfing,Florida,M,0,Unknown,14.0
Unprovoked,Surfing,Florida,M,0,Unknown,22.0
Boat incident,Kayak fishing,California,M,0,white,22.0
Unprovoked,Surfing,Florida,M,0,Unknown,14.0
Unprovoked,Photographing fish,Florida,M,0,Unknown,16.0
Unprovoked,Wading,Florida,M,0,Unknown,12.0
Boat incident,Kayak Fishing,California,M,0,hammerhead,12.0
Unprovoked,Surfing,Florida,M,0,hammerhead,20.0
Provoked,Kayak Fishing,California,M,0,hammerhead,29.0
Unprovoked,Kayak Fishing,South Carolina,M,0,Unknown,29.0
Unprovoked,Surfing,California,M,0,white,21.0
Unprovoked,Surfing,California,F,0,white,54.0
Unknown,Surfing,Florida,M,0,Unknown,54.0
Unprovoked,Surfing,South Carolina,M,0,Unknown,15.0
Unprovoked,Walking,Florida,F,0,Unknown,10.0
Boat incident,Kayak Fishing,California,M,0,white,22.0
Unprovoked,Surfing,Florida,M,0,spinner,25.0
Unknown,Floating,South Carolina,F,0,Unknown,35.0
Provoked,Kayak Fishing,California,M,0,mako,31.0
Unprovoked,Surfing,California,M,0,white,38.0
Unknown,Treading water,California,M,0,Unknown,39.0
Unprovoked,Treading water,North Carolina,M,0,Unknown,32.0
Unprovoked,Swimming,North Carolina,M,0,Unknown,68.0
Unprovoked,Playing in the water,South Carolina,M,0,Unknown,12.0
Unprovoked,Swimming,North Carolina,M,0,bull,18.0
Unknown,Swimming,Florida,F,0,Unknown,18.0
Unprovoked,Body surfing?,North Carolina,M,0,Unknown,47.0
Unprovoked,Swimming,North Carolina,M,0,tiger,6.0
Unprovoked,Standing,South Carolina,M,0,Unknown,9.0
Unprovoked,Swimming,Florida,M,0,Unknown,10.0
Unprovoked,Wading,North Carolina,F,0,bull,12.0
Unprovoked,Wading,North Carolina,M,0,bull,16.0
Unprovoked,Wading,California,F,0,mako,16.0
Unprovoked,Boogie boarding,North Carolina,F,0,Unknown,13.0
Unprovoked,Playing,Florida,M,0,bull,11.0
Unprovoked,Attempting to rescue a shark,Florida,F,0,nurse,17.0
Unprovoked,Wading,Florida,F,0,nurse,19.0
Unprovoked,Standing,Florida,F,0,nurse,14.0
Unprovoked,Swimming,Florida,F,0,nurse,13.0
Unprovoked,Surfing,Florida,M,0,Unknown,18.0
Unprovoked,Surfing,South Carolina,M,0,Unknown,30.0
Unprovoked,Swimming,Florida,M,0,Unknown,30.0
Unprovoked,Snorkeling,Hawaii,F,1,Unknown,65.0
Unprovoked,Wading,Florida,M,0,Unknown,63.0
Unprovoked,Photographing the shark,Florida,M,0,Unknown,48.0
Unprovoked,Spearfishing,Florida,M,0,bull,70.0
Provoked,Shark fishing,Hawaii,M,0,Unknown,20.0
Boat incident,Fishing,Florida,M,0,white,20.0
Unknown,Swimming after falling overboard,Florida,M,0,Unknown,38.0
Unprovoked,Swimming after falling overboard,Florida,M,0,Unknown,12.0
Unprovoked,Surfing,California,M,0,white,50.0
Boat incident,Surfing,California,M,0,white,50.0
Unprovoked,Surfing,Florida,M,0,Unknown,44.0
Unprovoked,Snorkeling,Hawaii,M,0,Unknown,53.0
Unprovoked,Surfing,Florida,M,0,Unknown,18.0
Unprovoked,Stand-Up Paddleboarding,Hawaii,F,0,tiger,18.0
Unprovoked,Stand-Up Paddleboarding,Hawaii,M,0,tiger,18.0
Boat incident,Canoeing,California,F,0,tiger,18.0
Unprovoked,Surfing,Hawaii,M,0,Unknown,18.0
Unprovoked,Standing in inner tube,South Carolina,F,0,bull,7.0
Unprovoked,Body surfing or Boogie boarding,Florida,F,0,bull,7.0
Unprovoked,Fishing,Florida,F,0,bull,40.0
Unprovoked,Surfing,Florida,M,0,Unknown,15.0
Unprovoked,Surfing,Florida,M,0,Unknown,29.0
Boat incident,Kayaking ,California,M,0,white,29.0
Boat incident,Kayaking,California,M,0,white,29.0
Unprovoked,Surfing,California,M,0,Unknown,28.0
Unprovoked,Surfing,Florida,M,0,Unknown,28.0
Unknown,Surfing,California,M,0,Unknown,28.0
Unprovoked,Fishing ,Alabama,M,0,bull,43.0
Boat incident,Kayaking ,Massachusetts,F,0,white,
Provoked,Fishing,Florida,M,0,Unknown,52.0
Unprovoked,Body surfing,Florida,F,0,spinner,13.0
Unprovoked,Surfing,Florida,M,0,spinner,17.0
Unknown,Surfing,Florida,M,0,Unknown,17.0
Unprovoked,Standing,South Carolina,F,0,Unknown,17.0
Unprovoked,Surfing,North Carolina,M,0,Unknown,29.0
Provoked,Fishing for sharks,Florida,M,0,bull,29.0
Unprovoked,Kite boarding,North Carolina,M,0,Unknown,29.0
Unprovoked,Standing,Florida,M,0,bull,29.0
Unprovoked,Standing,Florida,M,0,bull,26.0
Unprovoked,Swimming,Florida,F,0,bull,10.0
Unprovoked,Swimming,Louisiana,M,0,bull,7.0
Unprovoked,Boogie boarding,South Carolina,M,0,Unknown,10.0
Unprovoked,Swimming,Florida,F,0,Unknown,45.0
Unprovoked,Surfing,Florida,M,0,Unknown,
Unprovoked,Boogie boarding,Florida,M,0,Unknown,8.0
Unprovoked,Swimming,North Carolina,M,0,tiger,
Unprovoked,Standing,Florida,M,0,tiger,8.0
Unprovoked,Swimming,Hawaii,M,0,Unknown,61.0
Unprovoked,Swimming,Florida,M,0,Unknown,39.0
Unprovoked,Body surfing,North Carolina,M,0,Unknown,39.0
Unprovoked,Surfing,Florida,M,0,Unknown,14.0
Unprovoked,Surfing,California,M,0,Unknown,14.0
Provoked,Swimming,California,M,0,white,14.0
Unprovoked,Body surfing,South Carolina,M,0,Unknown,19.0
Unprovoked,Standing,Delaware,M,0,Unknown,16.0
Unprovoked,Kneeling in the water,Texas,F,0,Unknown,14.0
Unprovoked,Swimming,Florida,F,0,bull,22.0
Unprovoked,Tagging sharks,Palmyra Atoll,F,0,Unknown,37.0
Unprovoked,Body boarding,Florida,F,0,Unknown,38.0
Unprovoked,Wading,Florida,F,0,Unknown,44.0
Unprovoked,Surfing,Georgia,M,0,Unknown,12.0
Unknown,Diving,Florida,M,0,Unknown,12.0
Unprovoked,Swimming,South Carolina,F,0,Unknown,40.0
Unprovoked,Surfing,Florida,M,0,Unknown,23.0
Unprovoked,Swimming,Florida,M,0,Unknown,42.0
Unprovoked,Wading,Florida,M,0,Unknown,25.0
Unprovoked,Surfing,Florida,M,0,Unknown,
Unprovoked,Surfing,Florida,M,0,Unknown,
Unprovoked,Kite Surfing,Florida,M,0,Unknown,
Unprovoked,Surfing,Florida,M,0,Unknown,9.0
Unprovoked,Surfing,Florida,M,0,spinner,21.0
Unprovoked,Boogie boarding,Hawaii,M,0,tiger,29.0
Unprovoked,Surfing,Florida,M,0,Unknown,30.0
Unprovoked,Kayaking / Fishing,Hawaii,M,1,Unknown,57.0
Unprovoked,Snorkeling,Hawaii,F,0,Unknown,58.0
Unprovoked,Surfing,Oregon,M,0,white,25.0
Unprovoked,Body boarding,New Jersey,M,0,white,16.0
Unprovoked,Surfing,Florida,M,0,white,16.0
Unprovoked,Kiteboarding,Hawaii,M,0,tiger,46.0
Unprovoked,Diving ,Hawaii,M,0,white,45.0
Unprovoked,Surfing,Hawaii,M,0,tiger,25.0
Unprovoked,Wading,Florida,M,0,nurse,6.0
Unprovoked,Wading,Florida,M,0,bull,12.0
Unprovoked,Surfing,California,M,0,white,45.0
Unprovoked,Surfing,Florida,M,0,white,50.0
Unprovoked,Standing,Florida,M,0,white,7.0
Unprovoked,Swimming,Florida,M,0,white,45.0
Unprovoked,Surfing,Florida,M,0,white,45.0
Unprovoked,Swimming,Florida,M,0,bull,21.0
Unprovoked,Surfing,Florida,F,0,Unknown,13.0
Unprovoked,Surfing,South Carolina,F,0,Unknown,13.0
Unprovoked,Standing,Florida,M,0,Unknown,25.0
Provoked,Surfing,Florida,M,0,Unknown,43.0
Unprovoked,Swimming,Florida,M,0,Unknown,17.0
Unprovoked,Casting a net,Florida,M,0,Unknown,9.0
Provoked,Casting a net,Florida,M,0,nurse,3.0
Unprovoked,Swimming,California,M,0,Unknown,3.0
Unprovoked,Boogie boarding,Florida,F,0,Unknown,11.0
Unprovoked,Surfing,Hawaii,M,0,Unknown,16.0
Unprovoked,Surfing,California,F,0,white,16.0
Unprovoked,Snorkeling,Hawaii,F,1,tiger,20.0
Unprovoked,Kiteboarding,Hawaii,F,0,tiger,19.0
Unprovoked,Surfing,South Carolina,M,0,bull,10.0
Unprovoked,Fishing,Florida,M,0,bull,17.0
Unprovoked,Snorkeling,Hawaii,F,0,bull,56.0
Unprovoked,Swimming,South Carolina,M,0,bull,32.0
Unprovoked,Surfing,Hawaii,M,0,tiger,18.0
Unprovoked,Walking in surf,Alabama,F,0,tiger,50.0
Unprovoked,Swimming ,Florida,M,0,tiger,
Unprovoked,Wading,North Carolina,F,0,tiger,63.0
Boat incident,Kayaking / Fishing,California,M,0,white,63.0
Unprovoked,Swimming,South Carolina,M,0,Unknown,14.0
Unprovoked,Swimming,Florida,M,0,bull,14.0
Unprovoked,Swimming,Texas,M,0,bull,15.0
Unprovoked,Surfing,Florida,F,0,bull,15.0
Unprovoked,Boogie Boarding,South Carolina,F,0,Unknown,10.0
Provoked,Fishing for sharks,Florida,M,0,Unknown,58.0
Unprovoked,Swimming,Florida,M,0,Unknown,11.0
Unprovoked,Diving,Hawaii,M,0,Unknown,32.0
Unknown,Surfing,California,M,0,Unknown,42.0
Unprovoked,Surfing,Florida,M,0,Unknown,16.0
Unprovoked,Playing in the surf,Florida,M,0,Unknown,9.0
Unprovoked,Surfing,Florida,M,0,bull,21.0
Unprovoked,Swimming,Florida,M,0,bull,50.0
Unprovoked,Surfing,Hawaii,M,0,Unknown,58.0
Unprovoked,Surfing,Florida,M,0,Unknown,58.0
Unprovoked,Surfing,Hawaii,M,0,Unknown,58.0
Unprovoked,Surfing,Hawaii,M,0,Unknown,58.0
Unprovoked,Surfing,Florida,M,0,Unknown,16.0
Unprovoked,Surfing,Hawaii,M,0,tiger,43.0
Unprovoked,Swimming,Florida,M,0,tiger,43.0
Unprovoked,Surfing,Hawaii,M,0,Unknown,60.0
Unprovoked,Snorkeling,Hawaii,M,0,tiger,61.0
Unprovoked,Surfing,Florida,M,0,Unknown,14.0
Unprovoked,Diving,Hawaii,M,0,tiger,30.0
Unprovoked,Surfing,Hawaii,M,0,tiger,43.0
Unprovoked,Surfing,California,M,0,white,25.0
Unprovoked,Swimming,Hawaii,F,0,tiger,51.0
Unprovoked,Surfing,California,M,1,white,39.0
Unprovoked,Surfing,Florida,F,0,white,35.0
Unprovoked,Paddle boarding,Hawaii,M,0,Unknown,55.0
Unprovoked,Surfing,Florida,M,0,Unknown,24.0
Unknown,Surfing,Florida,M,0,Unknown,24.0
Unprovoked,Windsurfing,California,M,0,Unknown,42.0
Unprovoked,Surfing,Florida,M,0,Unknown,21.0
Unprovoked,Surfing,Florida,M,0,Unknown,22.0
Unprovoked,Surfing,Florida,M,0,Unknown,52.0
Unprovoked,Surfing,Florida,M,0,Unknown,19.0
Unprovoked,Surfing,Florida,M,0,Unknown,25.0
Unprovoked,Swimming,Florida,M,0,Unknown,25.0
Unprovoked,Surfing,Florida,M,0,Unknown,37.0
Unprovoked,Surfing,Florida,M,0,Unknown,
Unprovoked,Surfing,Florida,M,0,Unknown,32.0
Unprovoked,Swimming or boogie boarding,Florida,F,0,Unknown,56.0
Unprovoked,Boogie boarding,Florida,F,0,Unknown,8.0
Provoked,Spearfishing,Hawaii,F,0,tiger,8.0
Unprovoked,Wading or swimming,Alabama,M,0,tiger,31.0
Unprovoked,Free diving ,Florida,M,0,Unknown,56.0
Unprovoked,Surfing,California,M,0,Unknown,17.0
Unprovoked,Body surfing,Massachusetts,M,0,white,50.0
Unprovoked,Surfing,Hawaii,M,0,white,44.0
Unknown,Surfing,North Carolina,M,0,Unknown,12.0
Unprovoked,Swimming,North Carolina,F,0,Unknown,43.0
Boat incident,Kayaking,California,M,0,Unknown,52.0
Unprovoked,Sitting in the water,Hawaii,F,0,Unknown,16.0
Unprovoked,Surfing,Florida,M,0,Unknown,26.0
Unprovoked,Swimming,Florida,M,0,bull,6.0
Unprovoked,Swimming,Florida,M,0,bull,12.0
Unknown,Standing,South Carolina,M,0,Unknown,16.0
Unprovoked,Wading,North Carolina,F,0,Unknown,6.0
Provoked,Fishing,Florida,M,0,nurse,23.0
Unprovoked,Swimming,South Carolina,M,0,Unknown,16.0
Unprovoked,Swimming,South Carolina,M,0,Unknown,16.0
Unprovoked,Swimming,South Carolina,M,0,Unknown,16.0
Unprovoked,Swimming,South Carolina,F,0,Unknown,18.0
Unprovoked,Boogie Boarding,South Carolina,M,0,Unknown,25.0
Unprovoked,Surfing,Florida,F,0,Unknown,12.0
Unprovoked,Wading,North Carolina,F,0,Unknown,33.0
Unprovoked,Surfing,Florida,M,0,Unknown,22.0
Boat incident,Kayak Fishing,Hawaii,M,0,tiger,22.0
Boat incident,Kayaking / Fishing,California,M,0,white,30.0
Unprovoked,Swimming,Florida,F,0,white,47.0
Unprovoked,Paddle boarding,California,F,0,white,15.0
Unprovoked,Surfing,Florida,M,0,Unknown,28.0
Unprovoked,Surfing,Florida,M,0,Unknown,21.0
Unprovoked,Surfing,Florida,M,0,bull,61.0
Unprovoked,Surfing,Florida,M,0,Unknown,17.0
Unprovoked,Surfing,Florida,F,0,Unknown,15.0
Unprovoked,Kite Surfing,Florida,M,0,Unknown,19.0
Provoked,Kite Surfing,Florida,M,0,spinner,19.0
Unprovoked,Snorkeling,Hawaii,M,0,Unknown,19.0
Unprovoked,Surfing,Oregon,M,0,white,53.0
Unprovoked,Surfing,Florida,M,0,white,53.0
Unprovoked,Surfing,Florida,M,0,white,27.0
Unprovoked,Surfing,Oregon,F,0,white,27.0
Unprovoked,Surfing,California,M,0,white,27.0
Unprovoked,Surfing,Oregon,M,0,white,41.0
Unprovoked,Surfing,Florida,M,0,Unknown,41.0
Unprovoked,Surfing,Oregon,M,0,Unknown,41.0
Unprovoked,Wade fishing,Florida,M,0,Unknown,41.0
Unprovoked,Wade fishing,Alabama,M,0,Unknown,29.0
Unknown,Surfing,Puerto Rico,M,0,Unknown,27.0
Unprovoked,Jumping in the waves,South Carolina,M,0,Unknown,5.0
Unprovoked,Spearfishing,Florida,M,0,bull,21.0
Boat incident,Canoeing,Hawaii,M,0,bull,21.0
Unprovoked,Surfing,Florida,M,0,Unknown,25.0
Unprovoked,Surfing,California,M,0,Unknown,37.0
Unprovoked,Surfing,Florida,M,0,spinner,19.0
Unprovoked,Surfing,Florida,M,0,Unknown,19.0
Unprovoked,Surfing,North Carolina,M,0,Unknown,21.0
Unprovoked,Surfing,North Carolina,M,0,Unknown,10.0
Unprovoked,Wading,North Carolina,F,0,tiger,
Unknown,Wading,North Carolina,M,0,Unknown,12.0
Unprovoked,Floating ,Puerto Rico,M,0,Unknown,27.0
Unknown,Playing in the surf,South Carolina,M,0,Unknown,7.0
Unprovoked,Swimming,North Carolina,M,0,Unknown,54.0
Unprovoked,Wade Fishing,New Jersey,M,0,Unknown,54.0
Unprovoked,Boogie Boarding,North Carolina,F,0,Unknown,6.0
Unprovoked,Surf fishing,Texas,M,0,Unknown,6.0
Unprovoked,Swimming,Texas,M,0,Unknown,12.0
Unprovoked,Wade Fishing,Texas,M,0,Unknown,14.0
Unprovoked,Surfing,California,M,0,white,14.0
Unprovoked,Jet skiing,Florida,M,0,white,20.0
Unprovoked,Scuba diving,Florida,M,0,Unknown,28.0
Unprovoked,Spearfishing,California,M,0,Unknown,28.0
Unprovoked,Wading,Florida,M,0,Unknown,19.0
Unprovoked,Standing or boogie boardin,Texas,F,0,Unknown,22.0
Unprovoked,Surfing,Hawaii,F,0,tiger,22.0
Unprovoked,Paddle boarding,Hawaii,F,0,tiger,22.0
Unprovoked,Surfing,Florida,M,0,tiger,37.0
Unprovoked,Body surfing,Florida,M,0,tiger,86.0
Provoked,Fishing ,Florida,M,0,Unknown,86.0
Unprovoked,Spearfishing,Florida,M,0,bull,32.0
Unprovoked,Surfing ,Florida,M,0,Unknown,49.0
Provoked,"Standing, holding shark pup",Texas,M,0,Unknown,49.0
Unprovoked,Body boarding,Hawaii,M,0,Unknown,16.0
Unprovoked,Surfing,Hawaii,M,0,Unknown,46.0
Provoked,Snorkeling,Palmyra Atoll,M,0,Unknown,33.0
Unprovoked,Scuba diving,Maine,M,0,Unknown,30.0
Unprovoked,Body boarding,California,M,1,white,19.0
Unprovoked,Surfing,Oregon,M,0,white,29.0
Unprovoked,Surfing,Virginia,M,0,white,18.0
Unprovoked,Swimming,Florida,M,0,Unknown,27.0
Unprovoked,Surfing,Florida,M,0,Unknown,27.0
Unprovoked,Surfing,Florida,M,0,Unknown,24.0
Unprovoked,Surfing,Florida,M,0,Unknown,24.0
Unprovoked,Boogie Boarding,Florida,M,0,Unknown,10.0
Boat incident,Kayak Fishing,California,M,0,white,45.0
Unprovoked,Surfing,North Carolina,M,0,white,25.0
Unknown,Swimming,Florida,F,0,Unknown,25.0
Unprovoked,Standing,Florida,F,0,Unknown,37.0
Unprovoked,Standing,South Carolina,M,0,Unknown,16.0
Unprovoked,Surfing,Florida,M,0,Unknown,20.0
Unprovoked,Swimming,South Carolina,M,0,Unknown,10.0
Unprovoked,Swimming,North Carolina,F,0,tiger,13.0
Unprovoked,Surfing,Florida,M,0,spinner,55.0
Unprovoked,Fishing,Texas,M,0,spinner,55.0
Provoked,Fishing,Florida,M,0,nurse,55.0
Provoked,Fishing,New York,M,0,Unknown,20.0
Unprovoked,Surfing,California,M,0,Unknown,19.0
Unprovoked,Stand-Up Paddleboarding,California,M,0,Unknown,48.0
Unprovoked,Surfing,Texas,M,0,bull,20.0
Unprovoked,Swimming,North Carolina,F,0,bull,13.0
Unprovoked,Boogie Boarding,South Carolina,F,0,bull,6.0
Unprovoked,Boogie Boarding,Florida,F,0,Unknown,18.0
Unprovoked,Surfing,Florida,M,0,Unknown,20.0
Provoked,Fishing,Florida,M,0,Unknown,49.0
Unprovoked,Wading,Florida,F,0,Unknown,10.0
Unprovoked,Surfing,Hawaii,M,0,Unknown,68.0
Provoked,Surf fishing / wading,Florida,M,0,spinner,68.0
Unprovoked,Kite Boarding,Florida,M,1,spinner,38.0
Provoked,Diving,New Jersey,M,0,tiger,58.0
Unknown,Surfing,California,M,0,Unknown,49.0
Unprovoked,Wading,Florida,M,0,Unknown,10.0
Unprovoked,Fishing,California,M,0,Unknown,31.0
Unprovoked,Surfing,Florida,M,0,Unknown,22.0
Unprovoked,Surfing,Florida,F,0,Unknown,27.0
Unprovoked,Surfing,Florida,M,0,Unknown,18.0
Unprovoked,Surfing,California,M,0,Unknown,21.0
Unprovoked,Surfing,California,M,0,Unknown,21.0
Unprovoked,Surfing,Hawaii,M,0,Unknown,54.0
Unprovoked,Surfing,California,M,0,Unknown,54.0
Unprovoked,Swimming,Florida,M,0,bull,54.0
Unknown,Swimming,North Carolina,M,1,Unknown,60.0
Unprovoked,Surfing,California,M,0,Unknown,60.0
Unprovoked,Swimming,California,F,0,white,22.0
Unprovoked,Swimming,Florida,M,0,white,26.0
Unprovoked,Surfing,Hawaii,M,0,tiger,26.0
Unprovoked,Wade Fishing,Louisiana,M,0,bull,56.0
Unprovoked,Wading,Texas,F,0,bull,14.0
Unprovoked,Swimming,North Carolina,F,0,bull,26.0
Unprovoked,Swimming,Florida,F,0,bull,19.0
Unprovoked,Paddle-surfing,California,M,0,Unknown,19.0
Unprovoked,Boogie Boarding,Florida,F,0,Unknown,12.0
Provoked,Swimming,Florida,F,0,nurse,43.0
Unknown,Surfing,California,M,0,Unknown,26.0
Unknown,Crawling,Florida,M,0,Unknown,14.0
Provoked,Swimming,Florida,M,0,Unknown,14.0
Unprovoked,Surfing,Florida,M,0,spinner,31.0
Unprovoked,Surfing,Florida,M,0,spinner,55.0
Unprovoked,Surfing,Florida,M,0,spinner,49.0
Unprovoked,Surfing,Florida,F,0,spinner,49.0
Unprovoked,Surfing,California,M,0,spinner,49.0
Unprovoked,Surfing,Florida,M,0,spinner,20.0
Unprovoked,Surfing,Florida,M,0,spinner,52.0
Unprovoked,Surfing,Florida,M,0,Unknown,31.0
Unprovoked,Spearfishing,California,M,0,white,31.0
Unprovoked,Wading,Florida,M,0,white,15.0
Unprovoked,Surfing,Florida,F,0,Unknown,17.0
Unprovoked,Swimming,Hawaii,M,0,Unknown,61.0
Boat incident,Air Disaster,Puerto Rico,M,1,Unknown,61.0
Boat incident,Kayaking,California,M,0,white,61.0
Unprovoked,Fishing,Florida,M,0,white,11.0
Unprovoked,Surfing,Florida,M,0,white,44.0
Unprovoked,Surfing,Florida,M,0,Unknown,40.0
Unprovoked,Swimming,Florida,M,0,Unknown,32.0
Unprovoked,Surfing,Hawaii,M,0,tiger,40.0
Unprovoked,Surfing,California,M,0,white,40.0
Unprovoked,Surfing,Florida,M,0,white,15.0
Unprovoked,Surfing,Florida,M,0,white,43.0
Unprovoked,Surfing,Florida,M,0,Unknown,52.0
Unprovoked,Surfing,Florida,M,0,Unknown,52.0
Unknown,Swimming,Hawaii,M,0,Unknown,27.0
Unprovoked,Surfing,Florida,M,0,Unknown,19.0
Unprovoked,Surfing,Florida,M,0,Unknown,26.0
Unknown,Surfing,North Carolina,F,0,Unknown,20.0
Unprovoked,"Swimming, towing surfboard",Florida,M,0,Unknown,20.0
Unprovoked,Swimming,Florida,M,0,Unknown,47.0
Unknown,Swimming,South Carolina,M,0,Unknown,7.0
Unprovoked,Treading water,US Virgin Islands,F,0,bull,38.0
Unprovoked,Wading,Florida,F,0,bull,13.0
Unprovoked,Swimming,Hawaii,M,0,Unknown,13.0
Unprovoked,Surfing,Florida,M,0,Unknown,17.0
Unprovoked,Wading,North Carolina,F,0,Unknown,8.0
Unprovoked,Wading,North Carolina,M,0,Unknown,9.0
Provoked,Surfing,Florida,M,0,Unknown,15.0
Unprovoked,Wading,Florida,M,0,Unknown,16.0
Unknown,Body surfing,North Carolina,M,0,Unknown,52.0
Unprovoked,Surfing,South Carolina,M,0,Unknown,24.0
Unprovoked,Swimming,North Carolina,F,0,Unknown,14.0
Unprovoked,Swimming,South Carolina,F,0,Unknown,17.0
Unknown,Wading,Hawaii,M,0,Unknown,53.0
Unprovoked,Surfing,Florida,M,0,Unknown,29.0
Unprovoked,Playing in the surf,North Carolina,F,0,bull,10.0
Unprovoked,Swimming,South Carolina,M,0,Unknown,37.0
Boat incident,Kayaking,California,F,0,white,40.0
Unprovoked,Wading,Florida,F,0,white,35.0
Unprovoked,Body surfing,Florida,M,0,white,40.0
Unprovoked,Body surfing,South Carolina,F,0,Unknown,15.0
Unprovoked,Wading,Florida,M,0,Unknown,6.0
Unprovoked,Surfing,Florida,M,0,Unknown,18.0
Unprovoked,Surfing,Florida,M,0,Unknown,24.0
Provoked,Surfing,Florida,M,0,Unknown,21.0
Unprovoked,Swimming,California,M,1,white,66.0
Unprovoked,Surfing,Florida,M,0,white,14.0
Unprovoked,Surfing,Florida,M,0,white,14.0
Unprovoked,Walking out of the water after surfing,Florida,M,0,white,18.0
Unprovoked,Surfing,Florida,M,0,Unknown,52.0
Unprovoked,Boogie Boarding,Florida,M,0,Unknown,52.0
Unprovoked,Wading,Florida,M,0,Unknown,15.0
Unprovoked,Walking out of the water after surfing,Florida,M,0,Unknown,13.0
Unprovoked,Wading,Florida,M,0,Unknown,14.0
Unprovoked,Jet skiing,Florida,M,0,Unknown,8.0
Unprovoked,Surfing,California,M,0,white,27.0
Unprovoked,Surfing,Florida,M,0,white,25.0
Unprovoked,Surf-skiing,Florida,M,0,Unknown,25.0
Unprovoked,Surfing,Hawaii,M,0,tiger,52.0
Unprovoked,Surfing,Florida,M,0,Unknown,21.0
Unprovoked,Surfing,Florida,M,0,Unknown,42.0
Unprovoked,Floating,Hawaii,M,0,tiger,32.0
Unprovoked,Surfing,California,M,0,Unknown,22.0
Unprovoked,Surfing,California,M,0,Unknown,22.0
Unprovoked,Surfing,California,F,0,white,22.0
Unknown,Scuba diving,Florida,F,0,Unknown,22.0
Unprovoked,Surfing,Florida,F,0,Unknown,22.0
Unprovoked,Surfing,Florida,M,0,Unknown,23.0
Unprovoked,Wading?,Florida,M,0,Unknown,56.0
Unprovoked,Surfing,Florida,F,0,Unknown,
Unprovoked,Snorkeling,Florida,M,0,nurse,14.0
Unprovoked,Wading,Florida,F,0,nurse,58.0
Unprovoked,Wading,Florida,F,0,nurse,36.0
Unprovoked,Standing,South Carolina,M,0,nurse,15.0
Unprovoked,Jumping,Florida,F,0,Unknown,12.0
Unprovoked,Swimming,Florida,M,0,spinner,58.0
Unprovoked,Surfing,California,M,0,white,24.0
Unprovoked,Body boarding,Hawaii,M,0,tiger,15.0
Unprovoked,Surfing,Florida,M,0,Unknown,54.0
Unprovoked,Surfing,Florida,M,0,Unknown,27.0
Provoked,Diving,North Carolina,M,0,Unknown,27.0
Provoked,Fishing,Delaware,M,0,tiger,27.0
Unprovoked,Surfing,Florida,M,0,Unknown,16.0
Unprovoked,Playing,South Carolina,M,0,Unknown,7.0
Unprovoked,Floating near boat & observing bioluminesce,Florida,M,0,bull,20.0
Unprovoked,Swimming,Florida,F,0, ,15.0
Unprovoked,Walking out of the water after surfing,Florida,M,0, ,19.0
Unprovoked,Boogie Boarding,South Carolina,M,0, ,9.0
Unprovoked,Swimming,South Carolina,M,0, ,30.0
Unprovoked,Surfing,Florida,M,0, ,51.0
Unprovoked,Surfing,California,M,0, ,20.0
Unprovoked,Surf paddling,California,M,0,white,20.0
Boat incident,Kayak Fishing,California,M,0,white,20.0
Unprovoked,Snorkeling,Hawaii,M,0, ,36.0
Unprovoked,Swimming,North Carolina,M,0,Unknown,14.0
Unknown,Swimming,California,F,0,Unknown,43.0
Unprovoked,Wading,North Carolina,F,0,Unknown,30.0
Unprovoked,Surfing,Florida,M,0,Unknown,18.0
Unprovoked,Swimming,California,F,0,Unknown,18.0
Provoked,Removing hook from shark,Florida,M,0,Unknown,18.0
Unprovoked,Surfing,Florida,M,0,Unknown,20.0
Unprovoked,Surfing,Hawaii,M,0,tiger,20.0
Unknown,Surfing,Florida,F,0,Unknown,9.0
Unprovoked,Swimming,Florida,F,0,Unknown,9.0
Unprovoked,Wading,South Carolina,F,0,Unknown,9.0
Provoked,Reviving a sedated shark,Virginia,F,0,Unknown,40.0
Unprovoked,Surfing,Florida,F,0,Unknown,21.0
Unprovoked,Swimming,Florida,M,0,Unknown,68.0
Unprovoked,Snorkeling,Hawaii,F,0,tiger,63.0
Unprovoked,Body boarding,Florida,M,0,spinner,12.0
Unprovoked,Surfing,Florida,M,0,Unknown,24.0
Boat incident,Fishing,Florida,M,0,bull,24.0
Unprovoked,Playing on a sandbar,Florida,M,0,bull,7.0
Unprovoked,Surfing,Florida,M,0,Unknown,27.0
Unprovoked,Surfing,Florida,M,0,Unknown,9.0
Unprovoked,Surfing,Florida,M,0,Unknown,11.0
Provoked,Shark fishing,Florida,M,0,Unknown,11.0
Boat incident,Shrimping,Florida,M,0,Unknown,11.0
Unknown,Surfing,New York,M,0,Unknown,54.0
Unprovoked,Surfing,Hawaii,M,0,tiger,24.0
Unprovoked,Surfing,California,M,0,white,43.0
Unprovoked,Swimming,Hawaii,M,0,Unknown,29.0
Unprovoked,Surfing,Oregon,M,0,white,22.0
Unprovoked,Fishing,Florida,M,0,white,15.0
Unprovoked,Surfing,Florida,M,0,white,20.0
Unprovoked,Surfing,Texas,M,0,Unknown,20.0
Unprovoked,Playing soccer in the water,Florida,M,0,Unknown,18.0
Unprovoked,Surfing,Florida,M,0,Unknown,19.0
Provoked,Diving / Kissing the shark,Florida,M,0,nurse,19.0
Unprovoked,Surfing,North Carolina,M,0,nurse,16.0
Unprovoked,Swimming,Florida,M,0,spinner,55.0
Unprovoked,Surfing,Florida,M,0,Unknown,52.0
Unprovoked,Standing,Florida,M,0,Unknown,33.0
Unprovoked,Swimming,Florida,M,0,Unknown,
Unprovoked,Wading,North Carolina,F,0,Unknown,59.0
Unprovoked,Surfing,Oregon,M,0,white,41.0
Provoked,Touching sharks,Kentucky,M,0,Unknown,41.0
Unknown,Boogie Boarding,California,M,0,mako,41.0
Unprovoked,Surfing,Florida,M,0, ,14.0
Unprovoked,Surf fishing,Texas,M,0,bull,14.0
Unprovoked,Standing,South Carolina,M,0,Unknown,49.0
Unprovoked,Swimming,South Carolina,F,0,Unknown,21.0
Unprovoked,Walking,Florida,M,0,Unknown,11.0
Unprovoked,Wading,Florida,M,0,Unknown,40.0
Unprovoked,Body boarding,South Carolina,F,0,bull,14.0
Unprovoked,Spearfishing,Florida,M,0,Unknown,35.0
Unprovoked,Spearfishing,Florida,F,0,Unknown,28.0
Unprovoked,Body boarding,Florida,F,0,Unknown,9.0
Provoked,Fishing,Florida,M,0,Unknown,9.0
Unprovoked,Surfing,Florida,F,0,spinner,22.0
Unprovoked,Scuba diving,California,M,0,spinner,43.0
Unprovoked,Surfing,Florida,M,0,Unknown,24.0
Unprovoked,Playing,South Carolina,F,0,Unknown,7.0
Provoked,Tagging sharks,Hawaii,F,0,tiger,7.0
Unprovoked,Surfing,Hawaii,M,0,tiger,31.0
Provoked,Spearfishing,Hawaii,M,0,Unknown,15.0
Unprovoked,Scuba diving,Guam,F,0,tiger,
Unprovoked,Scuba diving,Florida,M,0,tiger,
Unprovoked,Swimming,Florida,F,0,tiger,
Unprovoked,Surfing,Florida,M,0,tiger,54.0
Unprovoked,Standing,Florida,F,0,tiger,13.0
Provoked,Fishing,Florida,M,0,bull,35.0
Unprovoked,Wading,Florida,M,0,bull,11.0
Unprovoked,Surfing,Hawaii,F,0,tiger,28.0
Unprovoked,Standing,Hawaii,F,0,Unknown,15.0
Unknown,Free diving,Hawaii,M,0,Unknown,45.0
Boat incident,Kayaking,Hawaii,M,0,Unknown,57.0
Unprovoked,Night Surfing,California,M,0,Unknown,57.0
Unprovoked,Surfing,Florida,M,0,Unknown,21.0
Unprovoked,Surfing,Oregon,M,0,white,30.0
Unprovoked,Swimming,Hawaii,M,0,tiger,29.0
Unprovoked,Surfing,Florida,M,0,tiger,
Unprovoked,Surfing,Florida,M,0,Unknown,23.0
Unprovoked,Surfing,Florida,M,0,Unknown,
Unprovoked,Surfing,Florida,M,0,Unknown,17.0
Unprovoked,Surfing,Florida,M,0,Unknown,18.0
Unprovoked,Surfing,California,M,0,Unknown,25.0
Unprovoked,Surfing,California,M,0,white,26.0
Unprovoked,Wading,Florida,M,0,Unknown,15.0
Unprovoked,Surfing,California,M,0,white,36.0
Unprovoked,Surfing,California,F,0,white,20.0
Provoked,Wading,Florida,M,0,white,15.0
Unprovoked,Surfing,Hawaii,M,0,tiger,22.0
Unprovoked,Treading water/ Surfing,Florida,M,0,tiger,48.0
Unknown,Surfing,Florida,M,0,Unknown,48.0
Unprovoked,Body surfing,South Carolina,F,0,Unknown,68.0
Unprovoked,Surfing,South Carolina,M,1,Unknown,18.0
Unprovoked,Wading,North Carolina,F,0,bull,18.0
Unprovoked,Standing / Surfing,Florida,M,0,bull,62.0
Unprovoked,Surfing,California,M,0,white,37.0
Unknown,"Boogie boarding, kicked at object in the water",South Carolina,M,0,Unknown,17.0
Unprovoked,Swimming,South Carolina,M,0,Unknown,8.0
Unprovoked,Walking,Texas,M,0,Unknown,12.0
Unprovoked,Surfing,North Carolina,M,0,Unknown,16.0
Unprovoked,Swimming,South Carolina,M,0,Unknown,14.0
Unprovoked,Wading,Florida,F,0,Unknown,13.0
Unprovoked,Surfing,Florida,M,0,Unknown,61.0
Unknown,Surfing,Florida,M,0,Unknown,25.0
Unprovoked,Swimming,North Carolina,M,0,Unknown,22.0
Unprovoked,Holding onto an inflatable boat,Texas,F,0,Unknown,14.0
Unprovoked,Standing,Florida,M,0,Unknown,19.0
Unprovoked,Fishing,Florida,M,0,bull,16.0
Unprovoked,Swimming with boogie board,Florida,F,1,bull,14.0
Unknown,Swimming,Hawaii,M,1,Unknown,49.0
Unprovoked,Swimming,Florida,M,0,Unknown,20.0
Unprovoked,Boogie boarding,South Carolina,F,0,Unknown,11.0
Unknown,Surfing,New Jersey,M,0,white,17.0
Unprovoked,Wading,Texas,M,0,white,6.0
Unprovoked,Swimming,Florida,M,0,Unknown,33.0
Unprovoked,Crouching in 2' of water,Florida,F,0,Unknown,33.0
Boat incident,Kayaking,Hawaii,F,0,tiger,33.0
Boat incident,Sea Disaster,South Carolina,M,0,tiger,
Unprovoked,Wading,Florida,F,0,Unknown,70.0
Unknown,Surfing,Florida,M,0,Unknown,52.0
Unprovoked,Surfing,Texas,M,0,Unknown,37.0
Unprovoked,Surfing,Florida,F,0,hammerhead,37.0
Provoked,Diving in aquarium display tank,New Mexico,M,0,tiger,45.0
Provoked,Spearfishing,Florida,M,0,nurse,45.0
Unprovoked,Surfing,Hawaii,M,0,tiger,45.0
Unprovoked,Spearfishing,Florida,M,0,Unknown,45.0
Unprovoked,Surfing,California,Unknown,0,white,38.0
Unprovoked,Surfing,California,M,0,white,16.0
Unprovoked,Surfing,California,M,0,white,40.0
Unknown,Surf fishing,Texas,M,0,Unknown,40.0
Unprovoked,Jumping,South Carolina ,F,0,Unknown,17.0
Unprovoked,Walking,Florida,F,0,Unknown,38.0
Unprovoked,Surfing,California,M,0,white,38.0
Unprovoked,Diving,California,M,1,white,50.0
Unprovoked,Swimming,Florida,M,0,Unknown,47.0
Unprovoked,Surfing,Florida,F,0,Unknown,20.0
Unprovoked,Surfing,North Carolina,F,0,Unknown,28.0
Unprovoked,Swimming,North Carolina,F,0,Unknown,13.0
Unprovoked,Swimming,Texas,F,0,Unknown,19.0
Unprovoked,Wading / fishing & carrying a bag of fish,Texas,M,0,bull,11.0
Unprovoked,Wading,Alabama,M,0,Unknown,7.0
Unprovoked,Surfing,California,M,0,white,45.0
Unprovoked,In water with diving seabirds,Florida,F,0,white,45.0
Unprovoked,Swimming,Florida,M,0,Unknown,8.0
Unprovoked,Wading,Texas,M,0,Unknown,16.0
Unprovoked,Surfing,California,M,0,Unknown,44.0
Unprovoked,Boogie-boarding / swimming,Florida,M,0,Unknown,9.0
Unknown,Swimming,Florida,M,0,Unknown,9.0
Unprovoked,Swimming,Florida,F,0,Unknown,9.0
Unprovoked,Tandem surfing,Texas,M,0,mako,28.0
Unprovoked,Surfing,Hawaii,M,1,tiger,57.0
Unprovoked,Surfing,Florida,M,0,tiger,26.0
Unprovoked,Surfing,Florida,M,0,bull,26.0
Unprovoked,Swimming,Florida,M,0,bull,61.0
Unprovoked,Surfing,Hawaii,M,0,tiger,51.0
Unprovoked,Snorkeling,Hawaii,F,0,Unknown,51.0
Unknown,Swimming,Florida,M,0,Unknown,28.0
Unprovoked,Swimming,Florida,M,0,Unknown,13.0
Unprovoked,Surfing,Florida,F,0,Unknown,35.0
Unprovoked,Surfing,Florida,M,0,Unknown,24.0
Unprovoked,Surfing,Florida,M,0,Unknown,18.0
Unprovoked,Surfing,Florida,M,0,Unknown,46.0
Unknown,Snorkeling,Hawaii,M,0,Unknown,56.0
Unprovoked,Surfing,Florida,M,0,Unknown,19.0
Unknown,Swimming to shore from boat or kayak,Florida,M,1,Unknown,19.0
Provoked,Surfing,Florida,M,0,Unknown,30.0
Unprovoked,Sitting on surfboard,Florida,M,0,Unknown,50.0
Unprovoked,Wading near a fishing net,Hawaii,F,0,Unknown,41.0
Unprovoked,Surfing,Florida,F,0,Unknown,41.0
Unprovoked,Surfing,Florida,M,0,Unknown,16.0
Unprovoked,Surfing,Florida,M,0,Unknown,21.0
Unprovoked,Surfing,Florida,M,0,Unknown,19.0
Unprovoked,Surfing,Florida,M,0,Unknown,17.0
Unprovoked,Surfing,Florida,M,0,Unknown,30.0
Unprovoked,"Standing, stepped on shark",South Carolina,M,0,Unknown,15.0
Unprovoked,Body boarding,Florida,M,0,Unknown,18.0
Unprovoked,Wade-fishing,Florida,M,0,Unknown,18.0
Provoked,Fishing,Texas,M,0,bull,18.0
Unprovoked,"Swimming, wearing black wetsuit & swim fins",California,F,1,white,50.0
Unknown,Swimming,California,M,1,Unknown,31.0
Unprovoked,Surfing,Florida,M,0,Unknown,18.0
Unprovoked,Wading,Florida,F,0,Unknown,15.0
Provoked,"Walking, carrying surfboard & stepped on shark",Florida,M,0,Unknown,10.0
Unprovoked,Surfing,Florida,M,0,Unknown,21.0
Unprovoked,Spearfishing,Florida,M,0,hammerhead,21.0
Unprovoked,Surfing,Florida,M,0,Unknown,17.0
Unprovoked,Surfing,Florida,M,0,Unknown,15.0
Unprovoked,Standing,Florida,F,0,Unknown,12.0
Unprovoked,Swimming,Johnston Atoll,M,0,Unknown,51.0
Unprovoked,Surfing ,North Carolina,M,0,Unknown,33.0
Unprovoked,Surfing,Florida,M,0,Unknown,15.0
Unknown,Swimming,South Carolina,F,0,Unknown,22.0
Unprovoked,Surfing,Florida,M,0,Unknown,18.0
Unprovoked,Wading,Florida,M,0,Unknown,22.0
Unprovoked,Swimming,Hawaii,M,0,Unknown,20.0
Provoked,Surfing,Florida,M,0,Unknown,34.0
Unprovoked,Walking,Florida,F,0,Unknown,9.0
Unprovoked,Surfing,Florida,M,0,Unknown,17.0
Unprovoked,Surfing,Florida,M,0,Unknown,36.0
Unprovoked,Surfing,Florida,M,0,Unknown,30.0
Unprovoked,Surfing,Florida,M,0,Unknown,23.0
Unprovoked,Surfing,Florida,M,0,Unknown,18.0
Unprovoked,Jumping,Florida,M,0,Unknown,11.0
Unprovoked,Surfing,Florida,M,0,Unknown,12.0
Unprovoked,Swimming (using a float),Florida,M,0,Unknown,20.0
Unprovoked,Surfing,Florida,M,0,Unknown,20.0
Unprovoked,Surfing,Florida,M,0,Unknown,50.0
Provoked,Petting captive sharks,Florida,F,0,Unknown,50.0
Unprovoked,Swimming,Florida,M,0,Unknown,54.0
Unprovoked,Body boarding,California,M,0,white,48.0
Unprovoked,Swimming,Hawaii,F,0,Unknown,34.0
Unprovoked,Surfing,Florida,M,0,Unknown,21.0
Unprovoked,Boogie boarding,Florida,M,0,Unknown,16.0
Unprovoked,Swimming,Hawaii,F,0,Unknown,60.0
Unprovoked,Surfing,Florida,M,0,Unknown,21.0
Unprovoked,Surfing,Florida,M,0,Unknown,35.0
Unprovoked,Surfing,Florida,M,0,spinner,14.0
Unprovoked,Surfing,Florida,M,0,Unknown,18.0
Unprovoked,Surfing,Florida,M,0,Unknown,47.0
Unprovoked,Surfing,Florida,M,0,Unknown,32.0
Unprovoked,Fishing from Surfboard,Hawaii,M,0,Unknown,55.0
Provoked,Fishing,Florida,M,0,Unknown,
Unprovoked,Surfing,California,M,0,Unknown,35.0
Unprovoked,Boogie boarding or Surfing,Oregon,M,0,Unknown,24.0
Unprovoked,Body boarding,Hawaii,M,0,Unknown,24.0
Unprovoked,Boogie boarding,Florida,M,0,Unknown,20.0
Provoked,"Wading, when he stepped on the shark",Florida,M,0,hammerhead,36.0
Unprovoked,Surfing,Hawaii,M,0,tiger,16.0
Unprovoked,Surfing,Florida,M,0,Unknown,27.0
Unprovoked,Surfing,Florida,M,0,nurse,15.0
Unprovoked,Standing,Florida,M,0,nurse,15.0
Unprovoked,Standing,North Carolina,M,0,Unknown,14.0
Unprovoked,Surfing,South Carolina,M,0,Unknown,13.0
Unprovoked,Swimming,North Carolina,F,0,bull,15.0
Provoked,Surfing,Florida,M,0,bull,19.0
Unprovoked,Standing,North Carolina,F,0,bull,9.0
Unprovoked,Swimming,Florida,F,0,bull,11.0
Unprovoked,Sitting on surfboard,Hawaii,F,0,tiger,11.0
Unprovoked,Surfing,Florida,M,0,Unknown,28.0
Unprovoked,Surfing,Florida,M,0,Unknown,50.0
Unprovoked,Swimming,Florida,M,0,Unknown,10.0
Unprovoked,Surfing,California,M,0,white,24.0
Unprovoked,Floating on a raft,Florida,M,0,Unknown,16.0
Unprovoked,Playing in the surf with his 2 dogs,Florida,M,0,Unknown,35.0
Provoked,"Fishing, removing the shark from his line",Florida,M,0,Unknown,55.0
Unprovoked,"Surfing, but standing in water alongside board",Florida,M,0,Unknown,34.0
Unprovoked,Surfing,Florida,M,0,Unknown,28.0
Unprovoked,Wading,Florida,M,0,Unknown,41.0
Unprovoked,Swimming / Wading,Florida,M,0,Unknown,29.0
Unprovoked,Body-boarding,Hawaii,M,0,tiger,17.0
Unprovoked,Wading,Florida,F,0,Unknown,11.0
Unprovoked,Swimming /  boogie boarding,Florida,M,0,Unknown,20.0
Unprovoked,Surfing,Florida,M,0,spinner,31.0
Unprovoked,Snorkeling,Florida,M,0,nurse,39.0
Unprovoked,Snorkeling,Hawaii,M,0,tiger,35.0
Unprovoked,Surfing,Hawaii,M,0,tiger,35.0
Provoked,"Surfing, fell off surfboard & stepped on the shark.",Florida,M,0,Unknown,21.0
Unprovoked,Surfing,Florida,M,0,Unknown,14.0
Unknown,Wreck / Technical diving,Florida,M,1,Unknown,42.0
Unprovoked,Surfing,North Carolina,M,0,Unknown,16.0
Unprovoked,Boogie boarding,Florida,M,0,Unknown,
Unknown,Swimming,South Carolina,F,0,Unknown,
Unprovoked,Walking in shallows,Florida,M,0,Unknown,13.0
Unprovoked,Swimming,North Carolina,F,0,white,23.0
Unprovoked,Swimming ,North Carolina,M,1,white,28.0
Unprovoked,Wading,Florida,M,0,Unknown,20.0
Unprovoked,Swimming ,Virginia,M,1,bull,10.0
Unprovoked,Standing,Florida,F,0,bull,29.0
Unprovoked,Wading,Florida,M,0,bull,69.0
Unprovoked,Boogie Boarding,Florida,M,0,bull,18.0
Unprovoked,Boogie Boarding,Florida,M,0,bull,18.0
Unprovoked,Surfing,Florida,M,0,Unknown,17.0
Unprovoked,Surfing,Florida,M,0,Unknown,27.0
Unprovoked,Surfing,Florida,F,0,Unknown,17.0
Unprovoked,Surfing,Florida,F,0,Unknown,17.0
Unprovoked,Surfing,Florida,M,0,Unknown,32.0
Unprovoked,Surfing,Florida,M,0,Unknown,19.0
Unprovoked,Surfing,Florida,M,0,spinner,19.0
Unprovoked,Surfing,Florida,M,0,spinner,20.0
Unprovoked,Surfing,South Carolina,F,0,spinner,20.0
Unprovoked,Surfing,South Carolina,F,0,spinner,20.0
Unprovoked,Surfing,Florida,M,0,spinner,20.0
Boat incident,Fishing,Massachusetts,M,0,mako,20.0
Unprovoked,Boogie boarding,Florida,M,0,Unknown,18.0
Unprovoked,Surfing,Florida,M,0,Unknown,48.0
Unprovoked,Surfing,South Carolina,M,0,Unknown,48.0
Unprovoked,Floating face-down in knee-deep water,Georgia,M,0,Unknown,35.0
Unprovoked,Swimming,Texas,M,0,Unknown,14.0
Unprovoked,Wading,South Carolina,F,0,Unknown,29.0
Unprovoked,Wading,Texas,M,0,Unknown,16.0
Unprovoked,Swimming,South Carolina,M,0,Unknown,11.0
Unprovoked,Swimming,South Carolina,M,0,Unknown,11.0
Unprovoked,Surfing,Florida,M,0,Unknown,45.0
Unprovoked,Boogie boarding,Florida,M,0,Unknown,14.0
Unprovoked,Surfing,Florida,M,0,spinner,12.0
Unprovoked,Surfing,Florida,M,0,spinner,16.0
Unprovoked,Surfing,Florida,M,0,spinner,
Unprovoked,Surfing,Florida,M,0,spinner,22.0
Unprovoked,Body boarding,Florida,M,0,spinner,12.0
Unprovoked,Surfing,Florida,M,0,spinner,21.0
Unprovoked,Surfing,Florida,M,0,spinner,38.0
Unprovoked,Surfing,Florida,M,0,spinner,22.0
Unprovoked,Surfing,Florida,M,0,spinner,19.0
Unprovoked,Surfing,Hawaii,M,0,white,19.0
Unprovoked,Surfing,Florida,M,0,spinner,16.0
Unprovoked,Standing alongside surfboard,Florida,M,0,Unknown,26.0
Unprovoked,Body-boarding,Hawaii,M,0,Unknown,26.0
Unprovoked,Surfing,Florida,M,0,spinner,26.0
Unprovoked,Surfing,California,M,0,Unknown,26.0
Unprovoked,Swimming,Florida,M,0,Unknown,73.0
Unprovoked,Surfing,Florida,M,0,Unknown,23.0
Unprovoked,Swimming / snorkeling,Hawaii,F,0,tiger,56.0
Unprovoked,Swimming,Florida,M,0,tiger,69.0
Unprovoked,Surfing,Florida,M,0,Unknown,17.0
Unprovoked,Body surfing,Florida,M,0,Unknown,11.0
Unprovoked,Surfing,Florida,M,0,Unknown,23.0
Unprovoked,Surfing,North Carolina,M,0,Unknown,24.0
Unprovoked,Sitting on surfboard,California,M,0,white,24.0
Unprovoked,Sitting on surfboard,South Carolina,M,0,white,24.0
Unprovoked,Surfing,Florida,F,0,white,26.0
Unprovoked,Swimming / Body surfing,Florida,M,0,Unknown,25.0
Unprovoked,Swimming,Florida,M,0,Unknown,8.0
Unprovoked,Wading,Florida,M,0,Unknown,40.0
Unprovoked,Swimming,Florida,M,0,Unknown,47.0
Unprovoked,Jumped into the water,Florida,M,1,bull,69.0
Provoked,Conducting research,Alaska,M,0,Unknown,69.0
Unprovoked,Swimming out to porpoises ,North Carolina,M,0,Unknown,69.0
Unprovoked,"Windsurfing, but sitting on his board",Hawaii,M,0,tiger,53.0
Unprovoked,Surfing / Wading,Florida,M,0,Unknown,27.0
Unprovoked,Standing,Florida,F,0,Unknown,44.0
Unknown,Swimming ,North Carolina,M,0,Unknown,44.0
Unprovoked,Swimming ,Florida,M,0,Unknown,5.0
Unprovoked,Snorkeling,Florida,F,0,nurse,45.0
Unprovoked,Surfing,North Carolina,M,0,nurse,16.0
Unprovoked,Surfing,North Carolina,M,0,Unknown,14.0
Unprovoked,Wading,Florida,M,0,Unknown,13.0
Unprovoked,Swimming ,Florida,M,0,Unknown,41.0
Unprovoked,Jumping,Texas,M,0,Unknown,5.0
Unprovoked,Playing,North Carolina,F,0,tiger,12.0
Unprovoked,Wading,Florida,F,0,tiger,20.0
Unprovoked,Standing,Florida,F,0,spinner,19.0
Unprovoked,Wading,Florida,F,0,Unknown,13.0
Unprovoked,Standing,Florida,M,0,Unknown,52.0
Boat incident,Sailing,Florida,M,0,bull,52.0
Unprovoked,Surfing,Texas,M,0,Unknown,17.0
Unprovoked,Swimming ,Alabama,M,0,bull,44.0
Unprovoked,Swimming,Alabama,M,0,bull,55.0
Unprovoked,Snorkeling,Florida,M,0,bull,13.0
Unprovoked,Walking,Florida,M,0,bull,34.0
Unprovoked,Boogie boarding / wading,Florida,M,0,bull,34.0
Unprovoked,Fishing,Florida,M,0,bull,34.0
Unprovoked,Boogie boarding,Florida,F,0,Unknown,14.0
Unprovoked,Surfing,Florida,M,0,Unknown,37.0
Unprovoked,Spearfishing,Louisiana,M,0,mako,39.0
Unprovoked,Spearfishing,Florida,M,0,mako,27.0
